{"cameraMode":{"drawMode":0,"name":"Shaded","section":"Shading Mode"},"sceneLighting":false,"audioPlay":false,"sceneViewState":{"showFog":true,"showMaterialUpdate":false,"showSkybox":false,"showFlares":true,"showImageEffects":true,"showParticleSystems":true},"in2DMode":false,"pivot":{"x":0.7203779220581055,"y":-0.6792586445808411,"z":-0.40837061405181887},"rotation":{"x":0.08375868201255799,"y":-0.6384570002555847,"z":0.07019201666116715,"w":0.7618597745895386},"size":7.226688385009766,"orthographic":false}