{"cameraMode":{"drawMode":0,"name":"Shaded","section":"Shading Mode"},"sceneLighting":true,"audioPlay":false,"sceneViewState":{"showFog":true,"showMaterialUpdate":false,"showSkybox":true,"showFlares":true,"showImageEffects":true,"showParticleSystems":true},"in2DMode":false,"pivot":{"x":8.515389442443848,"y":1.9050227403640748,"z":19.003883361816408},"rotation":{"x":-0.17295336723327638,"y":0.5839838981628418,"z":-0.12904474139213563,"w":-0.7825583219528198},"size":59.25536346435547,"orthographic":false}